feature,importance,fold
dnn,23393.596156537533,15
lgbm,29851.418246746063,15
xgb,21440.53582508862,15
